epoch,acc,loss
0,0.5748884,0.6848416020517184
1,0.5757811,0.6831032484775604
2,0.57655734,0.6820639522404618
3,0.57752764,0.6825893413874794
4,0.57904136,0.6822758157924613
5,0.5771007,0.6826521915693596
6,0.5778381,0.6826860103842218
7,0.5776829,0.6825594633453312
8,0.57822627,0.682760556540442
9,0.5779934,0.6822071795877197
10,0.5787308,0.6827227602901678
11,0.57729477,0.6828194706550552
12,0.5798952,0.6833042862598997
13,0.58043855,0.6825563224384953
14,0.58001167,0.6818153741543395
15,0.5787696,0.6820620249526699
16,0.5778381,0.6814490071019454
17,0.5779158,0.6818681501564923
18,0.5782651,0.6812416227724907
19,0.5796235,0.6811018908114057
20,0.57946825,0.6814471727779668
21,0.5815253,0.681083553338916
22,0.5807103,0.6801423687461092
23,0.580555,0.6805459864991349
24,0.579934,0.680858401021008
25,0.58024454,0.6809224176980583
26,0.58253443,0.6803303195693159
27,0.58001167,0.6800367570238023
28,0.58039975,0.6801409420864387
29,0.58117604,0.6800240542734569
30,0.57935184,0.6799952636175934
31,0.5802057,0.6798180734558334
32,0.5817194,0.6796748029128478
33,0.58140886,0.6804132725992135
34,0.58140886,0.6796530848842164
35,0.5810596,0.6797997429582324
36,0.5815253,0.6793503808184038
37,0.58098197,0.6801734659872124
38,0.58140886,0.6801525370694816
39,0.5817194,0.6798916020671905
40,0.58133125,0.6801265695454564
41,0.5824568,0.6796665907137468
42,0.58133125,0.6802569230274161
43,0.5807879,0.6799903800180762
44,0.5816806,0.6806431262117901
45,0.58435863,0.679539980123558
46,0.58257324,0.6802624828464287
47,0.58311665,0.6794071797303914
48,0.5840093,0.6797223710930511
49,0.58164173,0.6793400469669295
50,0.5820687,0.6787457010918582
51,0.5838541,0.6796556445387714
52,0.58164173,0.6795654771583834
53,0.5845139,0.6795005602187008
54,0.58509606,0.6795055202551312
55,0.5819911,0.680687133529777
56,0.5826897,0.6798214221125595
57,0.58319426,0.6794657199794104
58,0.5839705,0.6794556076587253
59,0.58342713,0.6787740173858969
60,0.58140886,0.6793692314992616
61,0.5829614,0.6798705204699587
62,0.5836988,0.6788196154295901
63,0.58331066,0.6795819013229324
64,0.58536774,0.6796018071899177
65,0.5839705,0.6791062014579032
66,0.5845915,0.679391007304955
67,0.5836988,0.6790227685741792
68,0.58598876,0.6784795020081431
69,0.5848632,0.6786043679346373
70,0.5833495,0.6786660542516785
71,0.58323306,0.6777495783092026
72,0.58536774,0.6786958962210446
73,0.58117604,0.6784606367667717
74,0.5866874,0.6783028565793969
75,0.5845139,0.6780949584007633
76,0.58307785,0.6796588736160644
77,0.5849796,0.6782381022575641
78,0.58509606,0.678148876112363
79,0.58350474,0.6780141052981383
80,0.58404815,0.6786335719758368
81,0.5835824,0.6780209391435882
82,0.5848632,0.6782723098039025
83,0.58342713,0.678084597989191
84,0.585523,0.6782244198881675
85,0.5858723,0.6779805379355275
86,0.5845527,0.6778737503048426
87,0.5856394,0.6783252284616123
88,0.585523,0.6780194062435254
89,0.584902,0.677992063930792
90,0.5866486,0.6780804466187965
91,0.5847468,0.6784150780438682
92,0.5864933,0.6778145138323943
93,0.5847079,0.6782300013975798
94,0.58758,0.6776449976304237
95,0.5847079,0.6778713213687217
96,0.5845915,0.6779186620333809
97,0.58408695,0.6777226399847912
98,0.58594996,0.6776334934296618
99,0.5876965,0.6775158057669957
0,0.5751601,0.6829288110440619
1,0.57721716,0.6826025893705321
2,0.57752764,0.6818567695142042
3,0.5785756,0.6835707178121397
4,0.5790025,0.6824619274543786
5,0.577877,0.6828772686047391
6,0.5776441,0.6816359189258555
7,0.57935184,0.6825191792089824
8,0.57818747,0.6808425494820869
9,0.5783039,0.6828609225589419
10,0.5802057,0.6816639685038569
11,0.5788861,0.6827702746862304
12,0.5797011,0.6805571933753185
13,0.57927424,0.6821807180842727
14,0.5807103,0.6805793275283467
15,0.58001167,0.6806803479510188
16,0.5801281,0.6803306342466766
17,0.5819135,0.6798026444979971
18,0.5819135,0.680706283328095
19,0.5798564,0.6802581358066976
20,0.5807103,0.6803698375899191
21,0.58043855,0.67959064405311
22,0.5811372,0.6788599796996587
23,0.58214635,0.6795076443573907
24,0.582418,0.6802666387094379
25,0.58133125,0.6804015453315674
26,0.5810984,0.6803150645788494
27,0.58129245,0.6804989098530937
28,0.58039975,0.6803251463835295
29,0.5817582,0.6797929932278567
30,0.58214635,0.6797884195285377
31,0.5814865,0.6802095159405346
32,0.5819135,0.6786728876321357
33,0.5824956,0.6792396521859786
34,0.5816806,0.678513568472034
35,0.58315545,0.6789965565959251
36,0.58253443,0.6785029426098518
37,0.5827673,0.6785247508701759
38,0.5837764,0.6790861785654742
39,0.581797,0.6793765583154925
40,0.5827673,0.6784350316778517
41,0.58218515,0.6792010236429562
42,0.58366,0.6789858658800026
43,0.58137006,0.6790655087018138
44,0.58315545,0.6793641525195822
45,0.5815253,0.6791158004614906
46,0.5806326,0.679926905446022
47,0.5845527,0.6799137150295124
48,0.5840093,0.6798504222001517
49,0.5837764,0.6794515504944377
50,0.58327186,0.6796722885268234
51,0.58366,0.6792905302388261
52,0.58218515,0.6789188479280648
53,0.58354354,0.6800591782854526
54,0.58214635,0.6802017996108997
55,0.58529013,0.6807048602379944
56,0.58439744,0.6810909641522378
57,0.58164173,0.6808583508365113
58,0.5837376,0.6795801268256847
59,0.58350474,0.6812537337469171
60,0.5846303,0.680067250068364
61,0.58703667,0.6789392050622436
62,0.58536774,0.6802281809135383
63,0.5849796,0.680823364277245
64,0.58404815,0.6802019833963218
65,0.5839705,0.6799713555040254
66,0.58331066,0.6808296483626718
67,0.5868814,0.67937950040446
68,0.58420336,0.6805049458337529
69,0.5838541,0.6802081631869222
70,0.58544534,0.6809289842757257
71,0.5848632,0.6812600684494456
72,0.5835824,0.6823933252681234
73,0.58416456,0.6808812030629928
74,0.58420336,0.6800005999417438
75,0.58695906,0.6821316192572542
76,0.5846691,0.6813093713573083
77,0.5846691,0.6808599995844993
78,0.58435863,0.6807542381299576
79,0.5866874,0.6818960585618237
80,0.5855618,0.6803997467680624
81,0.5845139,0.6799970061043825
82,0.58536774,0.6819062730212502
83,0.5874636,0.6803406305505585
84,0.58629924,0.680950932409748
85,0.58695906,0.6805185152585359
86,0.58420336,0.6815487123382409
87,0.58703667,0.6822750321781892
88,0.58606637,0.6825285401710741
89,0.5868814,0.6808265839020026
90,0.58715314,0.6820819364712813
91,0.58513486,0.6827946209338437
92,0.586765,0.6821475836135521
93,0.588007,0.6814568695017095
94,0.58598876,0.6819835656179217
95,0.58540654,0.682058955397903
96,0.5864933,0.6811973146528914
97,0.58921015,0.6812444829811246
98,0.5858335,0.6819762902030337
99,0.5889773,0.6813183652852638
0,0.57554823,0.6837872865337459
1,0.5757423,0.6850436039417895
2,0.57756644,0.6835370029289006
3,0.57752764,0.683341471917093
4,0.57814866,0.6831449266778319
5,0.5782651,0.6831642889708147
6,0.57733357,0.681697370969923
7,0.57810986,0.6818353454672941
8,0.57810986,0.680573659243455
9,0.5780322,0.6812779498081774
10,0.577877,0.6812319363780608
11,0.5779546,0.6804657401053993
12,0.578071,0.6815195219321967
13,0.5795071,0.6799306291181001
14,0.57904136,0.6804955901253832
15,0.5787308,0.6805657148985823
16,0.5788861,0.6810064149115725
17,0.57904136,0.6804035967076008
18,0.57911897,0.6801748920801008
19,0.5810596,0.6797487029838674
20,0.5798176,0.6799072016009585
21,0.5787696,0.6810981994158269
22,0.5806326,0.6811616478974024
23,0.57810986,0.6800529604950114
24,0.5805938,0.6799635839975854
25,0.58039975,0.68024177433055
26,0.58098197,0.6810810372224716
27,0.58028334,0.6809542250822939
28,0.57946825,0.6803051215247138
29,0.5807103,0.6817031819566394
30,0.5816806,0.6819042937583931
31,0.5804774,0.6811469016111223
32,0.58129245,0.6822009076175471
33,0.58098197,0.6821796197371184
34,0.5819135,0.6809828219542382
35,0.58024454,0.6816965172019209
36,0.5815253,0.6822546983028925
37,0.5811372,0.6818529524572747
38,0.5818358,0.6808662065181735
39,0.5807103,0.6814985199065294
40,0.5810596,0.6802382604418369
41,0.58028334,0.681364452466441
42,0.58137006,0.6800319739783502
43,0.5819523,0.6815274488109305
44,0.5801669,0.682260668088042
45,0.5815641,0.6821292384166336
46,0.58226275,0.6814921442059991
47,0.5788861,0.6828997291362843
48,0.58032215,0.6805421494567785
49,0.58331066,0.6829911268939561
50,0.5823792,0.6809415406378501
51,0.58214635,0.6813965458720026
52,0.5820299,0.6806011359899363
53,0.58094317,0.6824628911318188
54,0.58098197,0.6814784181388679
55,0.58350474,0.6811834779267817
56,0.58307785,0.6814679475009222
57,0.58257324,0.6811621434753806
58,0.58311665,0.6818044705180873
59,0.58408695,0.6819591605152039
60,0.58540654,0.6826206891624159
61,0.5826121,0.6809768731122615
62,0.5839705,0.6829138122714424
63,0.58323306,0.6819839407581971
64,0.58315545,0.6839100455372583
65,0.5838929,0.6827193882820237
66,0.58366,0.6803928958173634
67,0.58331066,0.6806788722704897
68,0.5848632,0.6821221991277495
69,0.58404815,0.6805957487109284
70,0.58521247,0.6801457445065813
71,0.58412576,0.6814800448193726
72,0.58606637,0.6809234598898412
73,0.5847468,0.6816388233851257
74,0.58509606,0.6802566028742473
75,0.58307785,0.6822037545079609
76,0.58513486,0.6798953113291256
77,0.58420336,0.6811724328749531
78,0.58544534,0.6805588511409237
79,0.5854842,0.6827043640828702
80,0.5835824,0.6823350129024788
81,0.58536774,0.6825428146125043
82,0.5846691,0.6840206617108832
83,0.58525133,0.6826964563960685
84,0.58412576,0.6813006692087213
85,0.5857947,0.6808030495869403
86,0.5859111,0.683604300283539
87,0.58637685,0.6825790564666413
88,0.58633804,0.6836396427749546
89,0.58734715,0.6826492558075298
90,0.58536774,0.6832540039758924
91,0.5848244,0.6835888869966462
92,0.5839705,0.6844233615361855
93,0.5867262,0.6855931224694374
94,0.5865321,0.6842364514473224
95,0.58536774,0.6836709909154076
96,0.58792937,0.6838884501463692
97,0.5857947,0.6848619599146171
98,0.5893654,0.6857925160033435
99,0.5858335,0.6853913325512037
0,0.57473314,0.6848782691080177
1,0.5757423,0.6850041224751545
2,0.57752764,0.6835633532898694
3,0.57543176,0.6835443865204931
4,0.5767514,0.6827468089494755
5,0.5777217,0.6829657186703985
6,0.57838154,0.6825765544734786
7,0.5787308,0.6822473701610857
8,0.57845914,0.6817617265039477
9,0.5788085,0.6813249724364249
10,0.5786144,0.681325888844247
11,0.5790025,0.6812869289072653
12,0.57818747,0.6810794498164886
13,0.57911897,0.6807928746426288
14,0.58133125,0.6814189937862868
15,0.5796235,0.6811916206430375
16,0.5798952,0.681146357623022
17,0.57904136,0.6807115574589105
18,0.5798564,0.6806540160671429
19,0.58001167,0.681400965779077
20,0.57927424,0.6813155743952239
21,0.5805162,0.6812425485842671
22,0.5796623,0.6814680027656362
23,0.5807491,0.6806588550690145
24,0.5826121,0.6808858089670958
25,0.5806714,0.6815859908944724
26,0.58323306,0.6809910970383793
27,0.58094317,0.681156082253259
28,0.58164173,0.6798249787250676
29,0.5808655,0.679813065483527
30,0.5806714,0.6804509434264169
31,0.58160293,0.6799642894907921
32,0.57931304,0.6814097177235103
33,0.5814477,0.6800369037625028
34,0.5810208,0.6805210202544864
35,0.5805938,0.6793275060016115
36,0.5797788,0.6797788639427642
37,0.5809043,0.6813129523090545
38,0.58129245,0.6806159913320113
39,0.5810596,0.6802983121133512
40,0.5800893,0.6788291037580052
41,0.5824956,0.6800183268049586
42,0.5811372,0.6804371974941552
43,0.57942945,0.6804340940527654
44,0.5819523,0.6819615065820144
45,0.58043855,0.6798021066959173
46,0.58094317,0.6839127728505526
47,0.5806326,0.6803047751885304
48,0.5810208,0.6826470418298404
49,0.58257324,0.6796407025044992
50,0.5808267,0.6799881117311052
51,0.5820687,0.6824692977231243
52,0.582418,0.6826161783550773
53,0.5807491,0.6802931061074176
54,0.5806714,0.6803938933050843
55,0.58222395,0.6826333879267802
56,0.5817194,0.6815055393325966
57,0.58253443,0.6809139312505028
58,0.58160293,0.6817205639179762
59,0.579934,0.6805007835048021
60,0.58234036,0.6810492336229517
61,0.5814865,0.683015709448018
62,0.5827673,0.6843196551914982
63,0.58253443,0.6833337273362676
64,0.58125365,0.6841548607323023
65,0.58412576,0.6824938718356046
66,0.58094317,0.6829190995932412
67,0.58447504,0.6824213520869361
68,0.5826509,0.6819920715095694
69,0.58117604,0.6837553419928956
70,0.5824956,0.6833728944147163
71,0.5824568,0.6821291319472151
72,0.5829614,0.683569181511385
73,0.58094317,0.68183153896639
74,0.5833883,0.6829412547819781
75,0.58319426,0.6822353751340607
76,0.58354354,0.685964854663954
77,0.5829614,0.6831073642910602
78,0.5820299,0.6840584957828666
79,0.58311665,0.6843932062589888
80,0.58218515,0.681547755651883
81,0.5826121,0.6828866404120306
82,0.58416456,0.6815007414605903
83,0.58133125,0.6826241432614125
84,0.58447504,0.6818321973449764
85,0.5838153,0.6823432705968231
86,0.5848244,0.6820576502701715
87,0.58307785,0.6840975824152871
88,0.58346593,0.6818026808750368
89,0.5836212,0.6839414847306596
90,0.58311665,0.6832017508266552
91,0.5847856,0.6836957825796363
92,0.5824568,0.683913411595348
93,0.58618283,0.6839202869361798
94,0.58350474,0.6831481627184466
95,0.5829226,0.6835476233337819
96,0.582418,0.6821142059447763
97,0.58435863,0.6827252327713391
98,0.5840093,0.6815275734775209
99,0.5833495,0.6836545394365935
0,0.5748884,0.6842694306058974
1,0.5766738,0.6826610254427079
2,0.57737243,0.6815904430063308
3,0.57663494,0.6828612506308649
4,0.5761692,0.6822491187159122
5,0.5779158,0.6814699061144076
6,0.57752764,0.6813520333476838
7,0.5785756,0.681103807302579
8,0.5789249,0.6805934051668762
9,0.578071,0.6813008060645946
10,0.57814866,0.6811433355553321
11,0.5795459,0.6805328774563253
12,0.57810986,0.6811573205909381
13,0.58024454,0.6807524969132229
14,0.57853675,0.6823304702859468
15,0.5780322,0.6816837645539399
16,0.5798564,0.6808011691130275
17,0.5796235,0.6809454280058204
18,0.57946825,0.6807429391968118
19,0.58028334,0.6803133290183676
20,0.57942945,0.6812079811892
21,0.5799728,0.6821330241548097
22,0.5806714,0.6797390973940419
23,0.5800893,0.6797543179981921
24,0.5821075,0.679927914551617
25,0.58133125,0.6798371375914155
26,0.58214635,0.6797346369585852
27,0.5818358,0.6798496495583163
28,0.58024454,0.6801947641368054
29,0.5826121,0.6796491171604403
30,0.5827673,0.6794551670724804
31,0.58230156,0.6805866636259219
32,0.5805938,0.6803398690315304
33,0.5814865,0.679946770773058
34,0.582845,0.6803252582755478
35,0.58253443,0.6814048189087883
36,0.5817194,0.6804824923557516
37,0.5829614,0.6815457760859711
38,0.58420336,0.6798791719412957
39,0.58253443,0.6799604475093355
40,0.582418,0.6795444854504619
41,0.58408695,0.6799844379497226
42,0.5826897,0.6795231231689083
43,0.5839317,0.6808050801747983
44,0.5827673,0.6797426178921271
45,0.582845,0.679925546307437
46,0.5830002,0.6792181144587951
47,0.582845,0.6799508369526492
48,0.5847468,0.6785199662400476
49,0.5837764,0.6801656355886535
50,0.5829226,0.6803751630364819
51,0.5824568,0.6792198974785933
52,0.5823792,0.6802538351852547
53,0.5849408,0.6811484926722708
54,0.58439744,0.6808071283768525
55,0.58525133,0.6797201652284411
56,0.58257324,0.6803824269607325
57,0.5838929,0.6792186527837024
58,0.58342713,0.6798528802156587
59,0.58431983,0.680397567250718
60,0.58447504,0.6799752936649156
61,0.5847468,0.6791706360383518
62,0.5846303,0.6807147769448643
63,0.5849408,0.6800810702675735
64,0.58536774,0.680516259343606
65,0.581797,0.6812918394347105
66,0.58412576,0.6799884664001405
67,0.58501846,0.6807380884058749
68,0.5864545,0.6818452026319809
69,0.5865709,0.6813219729798663
70,0.5846691,0.6810978805396526
71,0.5854842,0.6808226942692177
72,0.58633804,0.6805925578254879
73,0.58521247,0.6796981285110205
74,0.58540654,0.6812645157702613
75,0.5840093,0.6801763522007293
76,0.5864545,0.6784925383594276
77,0.58606637,0.678915832691833
78,0.5866486,0.6797138810736125
79,0.5866486,0.6798481347004279
80,0.5864157,0.6792705828255643
81,0.5848632,0.67900423100914
82,0.5885115,0.677999580820255
83,0.5883175,0.6792824005978838
84,0.586765,0.6796753863975559
85,0.5868814,0.679675533823335
86,0.5845915,0.6791744470041099
87,0.58699787,0.6785639040011608
88,0.5867262,0.677707011091716
89,0.58715314,0.6789976350571284
90,0.58622164,0.6794574048943411
91,0.58622164,0.6788489617538896
92,0.58726954,0.6799371987668006
93,0.58823985,0.679706605228433
94,0.5875412,0.6787879647131501
95,0.5868814,0.6806992595921714
96,0.5865321,0.6807321248229398
97,0.5868038,0.6800548122619948
98,0.58610517,0.6792009377720146
99,0.5859111,0.6786442225936684
0,0.57333595,0.6851527219139764
1,0.57647973,0.6822777282444454
2,0.576829,0.6821441427240459
3,0.57904136,0.6821408696737239
4,0.57663494,0.6811605419900703
5,0.5780322,0.6809137363006322
6,0.57636327,0.6807007740961101
7,0.57842034,0.6808732397621543
8,0.57756644,0.6810246226025535
9,0.5787308,0.6803223636574637
10,0.5801669,0.6802590027379222
11,0.57810986,0.6807856263985755
12,0.57946825,0.6793714604816367
13,0.57745004,0.6803499685938372
14,0.5780322,0.6791053647535092
15,0.58024454,0.6800386012606822
16,0.5790025,0.6794171604581789
17,0.58028334,0.6791062770481135
18,0.5796235,0.6790438550064084
19,0.5779158,0.679897841767804
20,0.58024454,0.6797927213413795
21,0.57927424,0.6799225476559403
22,0.579934,0.679780718691715
23,0.58117604,0.6792777250119836
24,0.5807103,0.680273103718616
25,0.58125365,0.6795208865037455
26,0.5808267,0.6796389889351585
27,0.5810596,0.6796309101148968
28,0.58001167,0.6792406074334042
29,0.58226275,0.6809208643637698
30,0.58005047,0.6809479125444111
31,0.58133125,0.6794705095370719
32,0.58160293,0.6794655846156774
33,0.58005047,0.679526692623077
34,0.58137006,0.6792840308826594
35,0.58404815,0.6791668400379516
36,0.58214635,0.6798020588780245
37,0.58222395,0.6792732513462157
38,0.5836988,0.6797491486086883
39,0.5817194,0.6792423081518307
40,0.5838541,0.6793165032409728
41,0.5839705,0.6805903406784461
42,0.5828061,0.6783130234939113
43,0.5837376,0.6802357040329764
44,0.58125365,0.6791092569495367
45,0.58319426,0.6788841506265655
46,0.58307785,0.6791375622225576
47,0.5819523,0.6792747113696815
48,0.5846691,0.6798749851713175
49,0.58234036,0.6789519442184999
50,0.58416456,0.6792415542438751
51,0.58331066,0.6801356874321032
52,0.5839317,0.680586903093626
53,0.5838153,0.6788373365740903
54,0.58424217,0.6808463644199456
55,0.58408695,0.6797247383632915
56,0.5836988,0.6791578528766791
57,0.5846303,0.680109027871895
58,0.5875412,0.6791381197116363
59,0.5828838,0.6792520860410676
60,0.5848244,0.6789329895574376
61,0.58532894,0.6801601207397434
62,0.5856782,0.6795417906797073
63,0.5826897,0.6795936372357388
64,0.5839705,0.6799515465289996
65,0.58439744,0.6790623355369857
66,0.58366,0.679130026185117
67,0.58416456,0.6794129476162292
68,0.58505726,0.6795979553025
69,0.58319426,0.679587788378732
70,0.58723074,0.6793097394081359
71,0.5849796,0.6786285853399806
72,0.5840093,0.6789275044587985
73,0.584902,0.6794609768076496
74,0.5849408,0.6790273678642834
75,0.5848244,0.6801677238124564
76,0.5840093,0.6800290407728228
77,0.5848632,0.6804954538015909
78,0.5839317,0.6801076024082502
79,0.5835824,0.6790152056620187
80,0.5849408,0.6795829740260935
81,0.5866874,0.6795783039321951
82,0.5847079,0.6811479353011753
83,0.58501846,0.67959695550601
84,0.58416456,0.6799291310462122
85,0.5858723,0.6802610616440591
86,0.5847079,0.6806148021192937
87,0.5854842,0.6797607522530854
88,0.58439744,0.6800324232236358
89,0.5845915,0.6820592932578038
90,0.58509606,0.6819565782680249
91,0.5874248,0.6801723085813747
92,0.5865709,0.6803714179608652
93,0.5845139,0.6817509821311215
94,0.5876577,0.6790120643873527
95,0.5875024,0.6798145119481797
96,0.5857947,0.680710702823385
97,0.58525133,0.6804163964470683
98,0.590491,0.6802607511932726
99,0.58816224,0.6796429939971441
0,0.5741122,0.6855833324510658
1,0.57628566,0.6848503820807776
2,0.57745004,0.6839188283956007
3,0.57756644,0.6839861927693176
4,0.5767902,0.6843297491391932
5,0.5779158,0.6840915287440896
6,0.57904136,0.6838772207030088
7,0.5790025,0.6825575159148015
8,0.5795071,0.6821961846556128
9,0.57741123,0.6825361711641619
10,0.57911897,0.683473316472918
11,0.578692,0.6814875658035463
12,0.5785756,0.6819001154646974
13,0.5801669,0.6825133269350898
14,0.57927424,0.6822386601862804
15,0.5795071,0.6827246934516717
16,0.578692,0.6824083029657064
17,0.579934,0.6820068429100752
18,0.57810986,0.6821470739493064
19,0.57939065,0.6819296923050158
20,0.58094317,0.6822890506585594
21,0.5806326,0.6831196601358914
22,0.5786532,0.682733357190947
23,0.5779546,0.6819103476054086
24,0.5786144,0.6812610445243744
25,0.5810208,0.6802071996876136
26,0.5805162,0.6829216943628321
27,0.5786144,0.6818202170936107
28,0.5797399,0.6810923701694769
29,0.58098197,0.6810024235587709
30,0.5798176,0.6812897863606446
31,0.5795459,0.6810813261586764
32,0.5806714,0.6822505752068225
33,0.5807491,0.6814677300486499
34,0.5819135,0.6830305646929306
35,0.5805162,0.6803986418069091
36,0.5792354,0.6824684307363782
37,0.5817582,0.6812473944361039
38,0.58222395,0.6823434410478313
39,0.5807491,0.6821848888733122
40,0.58032215,0.6814722475000615
41,0.5817194,0.6816903786545422
42,0.5828838,0.6809651620221929
43,0.5824956,0.6821161177004283
44,0.58311665,0.6808814076065162
45,0.5826509,0.681232925838298
46,0.5830002,0.6807748633936588
47,0.58226275,0.6812140700980434
48,0.58230156,0.6814353364151982
49,0.5819523,0.6810760456914696
50,0.5817582,0.6812445507081023
51,0.5819135,0.6807895704771324
52,0.58443624,0.6815295676779751
53,0.58311665,0.6823158092806924
54,0.58160293,0.683192138224927
55,0.5857947,0.6819698146748445
56,0.5839705,0.6817486964867413
57,0.5828838,0.6843940930437769
58,0.5838541,0.6819102306563068
59,0.5839317,0.6823540028382014
60,0.5838541,0.6826694360108786
61,0.5849408,0.6806435643805362
62,0.58513486,0.682591215203439
63,0.584902,0.6818253499198927
64,0.58513486,0.680876854517241
65,0.58501846,0.6827538009502345
66,0.585523,0.6808774594101146
67,0.58715314,0.6819334127869209
68,0.58598876,0.6807706474078041
69,0.5856394,0.6830266527312486
70,0.58618283,0.6831464396688097
71,0.5857171,0.6799161143981205
72,0.5876965,0.6799438746905943
73,0.5854842,0.68176066094918
74,0.58606637,0.6795252175926121
75,0.58820105,0.6833410818137731
76,0.586765,0.6808876094622864
77,0.58521247,0.6803942170925981
78,0.5868426,0.6808654497138463
79,0.5886668,0.679420039870312
80,0.58882207,0.6816372648503233
81,0.58695906,0.6804835924934745
82,0.58544534,0.681972981068363
83,0.58692026,0.6810764970535125
84,0.58505726,0.6811054521039137
85,0.5871143,0.6782914112638136
86,0.5876577,0.6815660838777293
87,0.5864545,0.6817450892455643
88,0.58758,0.6814676677188247
89,0.58886087,0.6810638024069928
90,0.5878129,0.6820098624723573
91,0.58808464,0.6809303053392847
92,0.58734715,0.682245754677417
93,0.58789057,0.6812688631269276
94,0.5859111,0.6828928991518922
95,0.5877741,0.6826879190191028
96,0.589443,0.6815036405458419
97,0.58792937,0.683139389606441
98,0.5875412,0.6827173730250402
99,0.5887444,0.6822329654153194
0,0.57434505,0.6849600172126129
1,0.5760916,0.6833779882810982
2,0.5769843,0.6838400390780646
3,0.57849795,0.6832475434223148
4,0.5777993,0.6832532752353706
5,0.57655734,0.6811520965705907
6,0.5795847,0.6809328570982195
7,0.57834274,0.6809268438420479
8,0.5786144,0.6810332376170848
9,0.577877,0.6809356558630588
10,0.5777217,0.6812033628876085
11,0.58039975,0.6800334907632972
12,0.58032215,0.6802763569084344
13,0.57942945,0.6808891176321473
14,0.5797788,0.6811514925660611
15,0.5810208,0.6798315670590667
16,0.57904136,0.682664618759555
17,0.57942945,0.6808910320435777
18,0.58164173,0.6817055598152926
19,0.5808267,0.6805940811018237
20,0.58036095,0.6797612199638969
21,0.57908016,0.6801358813663929
22,0.5811372,0.6805675367001489
23,0.5804774,0.6799877069863027
24,0.58094317,0.6800987850826226
25,0.5800893,0.6796790147369033
26,0.5805162,0.6811118840546648
27,0.5827285,0.6803439602559455
28,0.5801281,0.6798353448599814
29,0.5810984,0.6802020525275307
30,0.5819135,0.6822109876594196
31,0.58226275,0.6800171193025331
32,0.5826121,0.6806360254212765
33,0.5824956,0.680904152625606
34,0.5805162,0.6794929917567035
35,0.58160293,0.6799978966947068
36,0.5830002,0.6794459498046602
37,0.58137006,0.6808051955716115
38,0.5827285,0.6805642718739494
39,0.5826509,0.6811204347012693
40,0.58129245,0.6821171078986389
41,0.58230156,0.6804405579561403
42,0.5829226,0.6816807645861209
43,0.58354354,0.6811509717790081
44,0.5838153,0.6803128379121837
45,0.58222395,0.6809523008990792
46,0.58529013,0.6818875093171372
47,0.5835824,0.6820118428294506
48,0.5836212,0.6807120026048585
49,0.5857947,0.6830097201586278
50,0.58420336,0.6822528938587351
51,0.5830002,0.6823530240982406
52,0.5848632,0.6815625599026102
53,0.5846691,0.6822347293889294
54,0.5824568,0.6827947535492623
55,0.58354354,0.6818232527987693
56,0.5864933,0.681186274405986
57,0.58350474,0.6805374671435231
58,0.58513486,0.6823001461401047
59,0.58435863,0.6829092079150013
60,0.58633804,0.6811045837152497
61,0.5864545,0.6824328585733331
62,0.58408695,0.6834502250158553
63,0.58513486,0.6812829539356199
64,0.5868426,0.6809572621801167
65,0.58536774,0.6825651440924865
66,0.5868426,0.6829856207503547
67,0.58513486,0.6817555668977263
68,0.58758,0.6818584522598581
69,0.58525133,0.6821622438160582
70,0.5857947,0.681388565974862
71,0.5856782,0.6831826129562064
72,0.5856782,0.6834662915617893
73,0.5857171,0.683163587345606
74,0.5838541,0.6833970353738928
75,0.58598876,0.6826187949446181
76,0.5884727,0.6828097149906125
77,0.5868426,0.6835245844787148
78,0.58633804,0.6825537264381777
79,0.58921015,0.6815132700770011
80,0.5876577,0.6821519227252755
81,0.5876965,0.6839872643042139
82,0.588007,0.6844338501260833
83,0.5876189,0.6826683781342716
84,0.5877353,0.6832187169111287
85,0.5871143,0.6825631052828196
86,0.5885892,0.6818284394693402
87,0.5877353,0.6830768368069741
88,0.58827865,0.6835636723418618
89,0.58602756,0.6841432045622517
90,0.5858723,0.6851316439094485
91,0.5866486,0.6833828414039382
92,0.5867262,0.6847637136954602
93,0.5889773,0.6831328920061418
94,0.5865709,0.6845893480443224
95,0.58730835,0.6817743124463085
96,0.58730835,0.6844688793559364
97,0.5902193,0.6835098447312481
98,0.585523,0.6855304780247927
99,0.585523,0.6832704108454939
0,0.574966,0.684381445916722
1,0.57651854,0.6834719039272757
2,0.57663494,0.6842143884242773
3,0.57663494,0.683420329091157
4,0.5769455,0.6827997352367647
5,0.57644093,0.6821436416586927
6,0.57834274,0.6819041623829546
7,0.5776829,0.6824850571773224
8,0.57733357,0.6818767622885323
9,0.57713956,0.6816329626048766
10,0.5777993,0.6813296035218419
11,0.57935184,0.6819743597389494
12,0.5795071,0.6821379108056961
13,0.57939065,0.6809996098586478
14,0.5796623,0.6818349981016496
15,0.5779158,0.6814060572626612
16,0.5780322,0.6811515768985944
17,0.58001167,0.6813141723593392
18,0.5789249,0.6808097899480627
19,0.58160293,0.6807579973681839
20,0.5799728,0.6809554368760686
21,0.57838154,0.6817155337555765
22,0.5795847,0.6810229506905324
23,0.5787696,0.6808062225967709
24,0.5790025,0.6807233746713882
25,0.5801281,0.6805307451785247
26,0.57904136,0.6805674271377202
27,0.5797788,0.6812088836264245
28,0.5808655,0.6811299331924324
29,0.5801669,0.6808410518312371
30,0.5795071,0.6809082356814202
31,0.5808655,0.6807779029020402
32,0.5799728,0.6821313068377678
33,0.5814477,0.6827406566744056
34,0.57915777,0.6819429672183098
35,0.5808655,0.6810652902259101
36,0.57931304,0.6815371825212464
37,0.5807103,0.681697037644278
38,0.5806714,0.6820157841550663
39,0.5818358,0.6807622022798124
40,0.58121485,0.6817726585209405
41,0.579934,0.682918781536009
42,0.58001167,0.6816415145863104
43,0.58160293,0.6819508179030371
44,0.5815253,0.6812688595666113
45,0.5815641,0.6816427852120558
46,0.5798564,0.681560746898888
47,0.5801669,0.6830789249058536
48,0.5824568,0.6830123337962756
49,0.5815641,0.6826307225454069
50,0.582418,0.683107136296643
51,0.5827285,0.6810984026175806
52,0.58307785,0.6819208288340807
53,0.58140886,0.6828040793176625
54,0.5824956,0.6816361556070744
55,0.58164173,0.6822736864526735
56,0.5821075,0.6829710050066906
57,0.5820299,0.6817891344430954
58,0.58327186,0.6823908421476443
59,0.5833495,0.6827160517405519
60,0.58226275,0.6812829992041504
61,0.5823792,0.6810358928264564
62,0.5824956,0.6819102547364445
63,0.5828061,0.6807568315161378
64,0.5809043,0.6815112633124939
65,0.583039,0.6816443482001453
66,0.5836212,0.683180493062014
67,0.58323306,0.6803440894660454
68,0.584902,0.6824652580851239
69,0.5826121,0.6819997193927606
70,0.5818746,0.6831789446876462
71,0.58443624,0.6836832138882687
72,0.5838929,0.6822917930644483
73,0.5833883,0.6832797990732694
74,0.58540654,0.6816916471982313
75,0.58408695,0.6821525450241397
76,0.5826509,0.681942088194965
77,0.5845139,0.6822562846100124
78,0.5829614,0.681751606389432
79,0.5827673,0.6811482893849214
80,0.5826121,0.6827746234332477
81,0.58354354,0.6829680839557452
82,0.5818358,0.6831908548847578
83,0.58509606,0.681996859255842
84,0.58517367,0.6817652941421007
85,0.58525133,0.6818740626550197
86,0.5833883,0.6830466548910239
87,0.5847856,0.6839989067835875
88,0.5839317,0.6825747101764505
89,0.5849796,0.6836937091685072
90,0.58536774,0.6822459555218202
91,0.5845527,0.6828881995159285
92,0.5836212,0.6844265667369198
93,0.58521247,0.6829363119178852
94,0.58366,0.6835118017612141
95,0.5849408,0.6823734860940278
96,0.5858723,0.6830153314275648
97,0.585523,0.6839688693762241
98,0.58521247,0.6831681448858548
99,0.58505726,0.6822291533553251
0,0.57442266,0.6846938665066324
1,0.5766738,0.6831798206272344
2,0.5757423,0.6827862604761411
3,0.5777605,0.6824625609755262
4,0.5769843,0.682414683149598
5,0.577877,0.6823516932640542
6,0.5779546,0.6822152470561479
7,0.57756644,0.6812434751455839
8,0.5795071,0.6808465480503701
9,0.5798952,0.6810353400358847
10,0.57935184,0.6806811654958682
11,0.57834274,0.6810916467798397
12,0.57818747,0.6805484974104387
13,0.58032215,0.6810066073467818
14,0.58039975,0.6806502035699168
15,0.58036095,0.6798723936080933
16,0.5797011,0.6803778501198219
17,0.5798564,0.6804960103629979
18,0.5800893,0.6802395226954026
19,0.5807879,0.6798676995844279
20,0.5805938,0.6799540971312364
21,0.58331066,0.679788864424639
22,0.5802057,0.6796309041393953
23,0.5814865,0.6809812135657546
24,0.5820687,0.6805740500246
25,0.58218515,0.6797036343469404
26,0.5817194,0.680007491788655
27,0.58133125,0.6800974640294739
28,0.582845,0.6803585068059389
29,0.5840093,0.6807546432749776
30,0.58408695,0.6808984231837809
31,0.5830002,0.6805237989159156
32,0.58307785,0.6804671363739881
33,0.5838541,0.6798661703580379
34,0.5836212,0.6798532030199792
35,0.5827285,0.6805935374722998
36,0.5827285,0.6814641948581875
37,0.58420336,0.6813102692695305
38,0.58443624,0.6816519005262063
39,0.58416456,0.6803659811474249
40,0.58501846,0.681918223705103
41,0.5829614,0.68097437251639
42,0.5847856,0.6813534788129493
43,0.58532894,0.6819662457990249
44,0.5840093,0.6811739389627576
45,0.5849796,0.6809918942577325
46,0.5854842,0.6811536912522037
47,0.5849796,0.6816739583834384
48,0.58505726,0.6812656993776207
49,0.58598876,0.6807829776967865
50,0.58408695,0.6809243578437044
51,0.58602756,0.68228946507567
52,0.58602756,0.6806833538897126
53,0.58412576,0.681459450793456
54,0.58517367,0.6812393603222175
55,0.5857559,0.6811142421268431
56,0.5857559,0.6807113075034261
57,0.5874248,0.6805310024651605
58,0.5864545,0.6810782972040071
59,0.58540654,0.6816965969840045
60,0.58637685,0.681342796395178
61,0.586144,0.6817367753079394
62,0.5845527,0.6808709467125938
63,0.5868426,0.6814156246536939
64,0.5878129,0.6804875736118127
65,0.586765,0.6830260016699335
66,0.5859111,0.6816623960539783
67,0.58723074,0.6821646461643202
68,0.58812344,0.681795626102594
69,0.58532894,0.6805397932168097
70,0.5875412,0.6806048797631111
71,0.58723074,0.6812412429822895
72,0.5883563,0.6825859186558175
73,0.5856394,0.6826861895752397
74,0.5858723,0.6822236863428149
75,0.58703667,0.681913240617996
76,0.5876965,0.6818297333447142
77,0.586144,0.6815959673216568
78,0.58785176,0.6824149198793981
79,0.5874248,0.6832864232116964
80,0.5865709,0.6838233736355791
81,0.5874248,0.6828979652783442
82,0.58699787,0.6833020410999473
83,0.58703667,0.6828903200023503
84,0.58723074,0.683351571497907
85,0.5884727,0.6841572647508362
86,0.58622164,0.6834502974482802
87,0.58719194,0.6844671351734282
88,0.58633804,0.6833652122099839
89,0.58723074,0.683089252143329
90,0.58758,0.6834356738760845
91,0.5875412,0.6832082626150113
92,0.5883175,0.6827401024102008
93,0.5895983,0.6846773739904888
94,0.5865321,0.6834623218415525
95,0.5877741,0.6840969897787849
96,0.588007,0.6841128468259016
97,0.5889773,0.6828830637076793
98,0.58703667,0.6842940114850607
99,0.5896759,0.6853138527892387
0,0.5739569,0.6864164291366475
1,0.57733357,0.6852424638724295
2,0.5761304,0.6846175672335693
3,0.5768678,0.6835602716314152
4,0.5769067,0.6835292751525829
5,0.5788085,0.6836866549050116
6,0.5779158,0.6833503971464445
7,0.5804774,0.6842587530370039
8,0.5788473,0.683826301006722
9,0.57946825,0.6842154511058074
10,0.57915777,0.6829861370540465
11,0.5801669,0.6825052106447551
12,0.5787308,0.6825743080874265
13,0.57935184,0.6834657922268561
14,0.5795459,0.6824650103713201
15,0.580555,0.6830581372741493
16,0.5792354,0.6841597756366926
17,0.5796623,0.6819912267175434
18,0.5802057,0.68308123716354
19,0.5807879,0.684439769604126
20,0.5817582,0.6831216076890312
21,0.5808655,0.6829111691726982
22,0.5788473,0.6832439917535336
23,0.58319426,0.6817912073290836
24,0.5818358,0.6849356055329107
25,0.582845,0.6837393879358361
26,0.58094317,0.6838141006658129
27,0.5819135,0.6841695188481253
28,0.5826121,0.6831884529390266
29,0.58129245,0.6859157589322591
30,0.5806714,0.6833143910458545
31,0.5823792,0.6842016028358523
32,0.58039975,0.68382051705435
33,0.58222395,0.6821801740267706
34,0.58226275,0.6829703374763102
35,0.5815641,0.6838076149031603
36,0.5819135,0.6824667411245653
37,0.58125365,0.6842400225532557
38,0.5820687,0.6847739404135714
39,0.5837764,0.6857533332886521
40,0.58331066,0.6848475227882486
41,0.5826509,0.6849050848548351
42,0.5805938,0.6850820891583704
43,0.58222395,0.6852894936560104
44,0.581797,0.6862397624431664
45,0.58350474,0.6862991988230926
46,0.5821075,0.6845550888907486
47,0.5838541,0.6838840638089823
48,0.5826509,0.6856589757352807
49,0.5826509,0.6843030297545676
50,0.58218515,0.685727954234703
51,0.5837376,0.6858825985977726
52,0.58536774,0.6848920890758876
53,0.5864933,0.6870705670670076
54,0.58598876,0.6850287973221449
55,0.5836988,0.6859448992347754
56,0.58637685,0.6849590596008968
57,0.5849796,0.6834777210884457
58,0.5849796,0.6848892825796793
59,0.5838153,0.6841358519400899
60,0.58618283,0.6841834135710696
61,0.5849796,0.6833695862377913
62,0.5868814,0.6845797673466366
63,0.5849796,0.6829065513893074
64,0.58618283,0.685914836622964
65,0.58792937,0.683142632550229
66,0.58412576,0.6859469574237597
67,0.5849408,0.6854041467979767
68,0.58509606,0.6844440980973624
69,0.5840093,0.6841944492628985
70,0.5864157,0.6859900020174255
71,0.5866874,0.6835262730286789
72,0.58517367,0.6835325539378132
73,0.5856394,0.682140942381443
74,0.5864545,0.6850082556113627
75,0.5868814,0.6840847277442345
76,0.5878129,0.6848980430027084
77,0.58517367,0.685263148194814
78,0.58540654,0.6839516225657879
79,0.5868038,0.6841249997491353
80,0.5858335,0.6842483446317207
81,0.5889385,0.6837896043111948
82,0.5867262,0.6822620390041254
83,0.58692026,0.6841293385901914
84,0.5864545,0.6840948195497248
85,0.5874248,0.6831614853547843
86,0.5885892,0.6834850258233129
87,0.5885892,0.683736737258407
88,0.58606637,0.6854529012621386
89,0.5876577,0.6848321070931107
90,0.5871143,0.6854975280219459
91,0.58699787,0.6838254882575423
92,0.58715314,0.683269385675678
93,0.58758,0.6844325298779963
94,0.5876965,0.6857780212896115
95,0.5868426,0.6847754960751362
96,0.58820105,0.6841578551641649
97,0.5878129,0.6851808018714924
98,0.5879682,0.6834676620776552
99,0.5892878,0.6849623849177717
0,0.57539296,0.6856767094415205
1,0.57721716,0.682889315546681
2,0.57733357,0.6827343111012298
3,0.5776053,0.6821569019443846
4,0.57838154,0.6823935042393686
5,0.577877,0.6829027762164104
6,0.57745004,0.6830603570307016
7,0.5779546,0.6812422837189464
8,0.57853675,0.6818013869672753
9,0.5785756,0.6822154720246433
10,0.5776053,0.6815835652618808
11,0.57942945,0.6822322725393738
12,0.5795847,0.6832914766931265
13,0.5789637,0.6825226516994762
14,0.5796235,0.6819991674928464
15,0.5791966,0.6825621044221675
16,0.5796235,0.682823792862795
17,0.5798564,0.682589669767084
18,0.5798564,0.682632941249364
19,0.5806714,0.6829851730272836
20,0.5824956,0.6820848656191123
21,0.58218515,0.6810960966708381
22,0.57931304,0.6833626221643474
23,0.5818358,0.6830228937914504
24,0.5817194,0.6825834088017356
25,0.5805162,0.6826758136477212
26,0.5816806,0.6841250862146196
27,0.5823792,0.6829853968159472
28,0.5801669,0.6817616891310374
29,0.5815641,0.6821939124474358
30,0.5821075,0.6832140913755482
31,0.5818746,0.68202698449822
32,0.5810596,0.6828954972157588
33,0.5823792,0.6820151890200965
34,0.58307785,0.6821685468828981
35,0.58133125,0.6840878850160329
36,0.58036095,0.6839691464701556
37,0.5815641,0.6834840672561643
38,0.5818358,0.6810560950093794
39,0.58257324,0.6833837536962292
40,0.5819911,0.6834864540907936
41,0.58311665,0.6823594773900687
42,0.5826509,0.6838975469232785
43,0.5819135,0.6830064241085241
44,0.58253443,0.6820943146128574
45,0.58160293,0.6841371491606343
46,0.58412576,0.6841589709335036
47,0.5823792,0.6817883801557428
48,0.5835824,0.6856957259720422
49,0.5826897,0.6834824857655345
50,0.58346593,0.6836690573606263
51,0.582845,0.6848711406122752
52,0.5836212,0.6829310661053486
53,0.58408695,0.6839942495290363
54,0.58140886,0.684480350560733
55,0.5830002,0.6851390645200017
56,0.5829226,0.6862286270809895
57,0.58513486,0.6854162197124142
58,0.5838929,0.6848912539006482
59,0.5847856,0.6832757675807359
60,0.58319426,0.6870581423266985
61,0.58307785,0.6871690601093108
62,0.5838153,0.686697368133237
63,0.58315545,0.6859352360043783
64,0.58346593,0.6863410839288646
65,0.5845139,0.6866140336220459
66,0.58323306,0.6863673468295889
67,0.5847468,0.6878367916718284
68,0.58447504,0.6884706069815628
69,0.58311665,0.6865343638491728
70,0.58416456,0.6854924871947912
71,0.5840093,0.6873973174070169
72,0.5828061,0.6876686431101727
73,0.58517367,0.685150361498328
74,0.58253443,0.687631417139743
75,0.5816806,0.6872485598337065
76,0.58331066,0.685465749661575
77,0.58354354,0.6851146321192126
78,0.5826897,0.6869357592291955
79,0.58404815,0.6863760482031883
80,0.58408695,0.6884054173827286
81,0.585523,0.6878986632340445
82,0.58323306,0.6886247875920412
83,0.5824568,0.6886314620329481
84,0.58404815,0.6898112316513765
85,0.58222395,0.6874435321604098
86,0.5845527,0.688395852159348
87,0.58416456,0.688093078148011
88,0.5839317,0.6869710311527834
89,0.58594996,0.6891035178738059
90,0.5829614,0.6874602106435077
91,0.58311665,0.6878437660699582
92,0.58622164,0.686313455798384
93,0.58521247,0.6888109326316342
94,0.5826121,0.6877442915405367
95,0.58610517,0.6876423811394335
96,0.58610517,0.6870755407385934
97,0.58540654,0.6903831098349423
98,0.58521247,0.6875160781661215
99,0.58618283,0.6895085467104076
0,0.5745391,0.6846034099957143
1,0.577877,0.6844393815527882
2,0.5769455,0.6829786745455805
3,0.57713956,0.6811990490636154
4,0.5783039,0.6821224600232829
5,0.57838154,0.6809893236978295
6,0.5777993,0.6821664753710671
7,0.5780322,0.6817866486668378
8,0.57752764,0.68124000401074
9,0.57729477,0.6816717310458879
10,0.5777993,0.6829206732160116
11,0.5779934,0.6816290575533082
12,0.5788085,0.6798486466711293
13,0.57942945,0.6812475331750815
14,0.5787308,0.6803301207815216
15,0.5789637,0.680286758105176
16,0.57904136,0.6800362214888505
17,0.5798176,0.6795974780350501
18,0.57904136,0.6804190892745702
19,0.5791966,0.6796291163701954
20,0.5796623,0.68017514874906
21,0.5805938,0.6788150192510034
22,0.5789637,0.6802844629319182
23,0.5804774,0.6812257882925508
24,0.5824956,0.6798933904193661
25,0.5810984,0.6810281982519963
26,0.58164173,0.68006967475709
27,0.5828061,0.6814653603007625
28,0.5815253,0.6811875626482409
29,0.58253443,0.6799299592882042
30,0.5824956,0.6805518548025475
31,0.58257324,0.6799461568741342
32,0.5804774,0.6810067629041474
33,0.5816806,0.6803006886996368
34,0.5806326,0.6802146025544205
35,0.5827673,0.680885885404009
36,0.58160293,0.6814812993138086
37,0.58214635,0.6799116723217734
38,0.58230156,0.6819384709830518
39,0.58024454,0.682315261382953
40,0.5821075,0.6826293576210187
41,0.58416456,0.6828446768590045
42,0.5829614,0.6829401160452451
43,0.58315545,0.6841357857214463
44,0.5821075,0.6835491082424473
45,0.58253443,0.6842981738903535
46,0.58323306,0.6849507801536909
47,0.58354354,0.6848770649808369
48,0.5829226,0.6835530510509498
49,0.58420336,0.6836909960941646
50,0.58408695,0.6839148711607614
51,0.58342713,0.6850500392168904
52,0.5833883,0.6845255195111319
53,0.5824568,0.686326037534991
54,0.5837764,0.6849888139920353
55,0.58439744,0.6851062898309213
56,0.58435863,0.6856641536820358
57,0.5837376,0.685853829037766
58,0.583039,0.6834898535913341
59,0.58315545,0.6837779022549371
60,0.5835824,0.6852516596187278
61,0.58354354,0.6843149369303841
62,0.58253443,0.6843950582920129
63,0.58416456,0.6840643127080701
64,0.5829226,0.6852650180247926
65,0.58602756,0.6851489866587251
66,0.58439744,0.6849429400458096
67,0.58404815,0.6847537302586862
68,0.5847468,0.6859103922378478
69,0.5847079,0.6841055326199915
70,0.5835824,0.6848327664155625
71,0.5833495,0.6860593131160866
72,0.587386,0.6833809045803285
73,0.58416456,0.6846298017202015
74,0.5847856,0.685911800161325
75,0.58346593,0.6832739042999812
76,0.5845527,0.6864967054310248
77,0.58513486,0.6855011276312298
78,0.58598876,0.6849023681276404
79,0.5864933,0.6856210980303376
80,0.58606637,0.6845505742177255
81,0.58626044,0.6854327216140048
82,0.5865321,0.6839763800426523
83,0.5856006,0.6843041577039356
84,0.58812344,0.6861083578929239
85,0.5856782,0.6852490105444821
86,0.58517367,0.6851788278577305
87,0.5848632,0.6844642989662766
88,0.5870755,0.685226521449438
89,0.58792937,0.685292778754498
90,0.58505726,0.6846442860930539
91,0.5856782,0.6856014235815955
92,0.5866097,0.6855418841861508
93,0.5856006,0.6851159858583317
94,0.5864157,0.6843898180570738
95,0.58695906,0.6843518300702358
96,0.5875412,0.6845721502131035
97,0.58882207,0.6854482386798366
98,0.58719194,0.6852590343870285
99,0.58695906,0.6858570291744768
0,0.5745391,0.6860072848219884
1,0.57640207,0.684096408119346
2,0.5769067,0.6839635742605947
3,0.5770619,0.6853636017846015
4,0.5777605,0.6839518484619551
5,0.5785756,0.6833084484407931
6,0.5786144,0.6834444457272892
7,0.57717836,0.6832550869250839
8,0.5788861,0.6832694824103265
9,0.5782651,0.6818526834000807
10,0.5798952,0.6827411855421505
11,0.5795847,0.6811192279877117
12,0.5799728,0.6818640973552694
13,0.58098197,0.6799832903758174
14,0.57904136,0.681037079473618
15,0.57927424,0.6801480531530567
16,0.57946825,0.6809794719210417
17,0.5815641,0.6810034537741033
18,0.58039975,0.6814131414800066
19,0.58024454,0.6807756276864485
20,0.5792354,0.6826596350617116
21,0.5797011,0.6814990733448519
22,0.58098197,0.6822262209270987
23,0.58043855,0.6818465297716741
24,0.5819523,0.6804696842117169
25,0.58094317,0.6810339211862387
26,0.581797,0.6803385417113923
27,0.58094317,0.6811737509183737
28,0.58164173,0.681820604902042
29,0.5802057,0.6822165885967304
30,0.581797,0.6803953839417177
31,0.58098197,0.6813643710094588
32,0.5796235,0.6834753083831103
33,0.5819911,0.6820210163625217
34,0.5811372,0.6810935256089281
35,0.5835824,0.6830404854505566
36,0.5819911,0.6821203026520773
37,0.58307785,0.6823899221077906
38,0.5808655,0.6842799342606292
39,0.58218515,0.6817491160048899
40,0.583039,0.681641388598771
41,0.58094317,0.6817803969828337
42,0.58230156,0.683393495494177
43,0.5826897,0.6835423584658036
44,0.582418,0.6812916005742728
45,0.5816806,0.6825160674139201
46,0.582418,0.6819278365960058
47,0.5836988,0.682251306189025
48,0.58315545,0.6823283665369442
49,0.5829614,0.6831633142700432
50,0.58234036,0.6816146501702706
51,0.5847468,0.6843372269438328
52,0.58230156,0.6832036322097327
53,0.58307785,0.6826116592218269
54,0.5818358,0.6834420617774647
55,0.58366,0.6835142825752375
56,0.58404815,0.6837956650359363
57,0.58311665,0.6826281179415701
58,0.583039,0.682149639907865
59,0.5845915,0.6829792493157264
60,0.5845139,0.6817575599414826
61,0.58435863,0.6840273422776624
62,0.5838929,0.6827471429182446
63,0.58610517,0.6817816240936027
64,0.584281,0.684466479337264
65,0.58715314,0.6820588570346237
66,0.5833495,0.6851721889852853
67,0.58726954,0.6822579685470652
68,0.585523,0.6844076881518809
69,0.58633804,0.6831447338285248
70,0.5866097,0.6844640281555284
71,0.58730835,0.6816880486184085
72,0.5856782,0.6836793366737929
73,0.5855618,0.682366321821618
74,0.58823985,0.6831873704710216
75,0.5878129,0.6821510881191315
76,0.5854842,0.683329063914203
77,0.58513486,0.6833840163314363
78,0.58513486,0.683664384333342
79,0.58529013,0.6826647398612024
80,0.5876965,0.6819044321341675
81,0.58540654,0.6827259522744713
82,0.58692026,0.6826080108901124
83,0.5864933,0.6841180988915472
84,0.58695906,0.6835437530641206
85,0.5870755,0.6816961199664014
86,0.5876965,0.6827725261432463
87,0.5857559,0.6831283792486104
88,0.58594996,0.6837201144564343
89,0.58412576,0.6851965182965273
90,0.5868426,0.6849743904846283
91,0.5856782,0.6833247663580096
92,0.5871143,0.6846012459387947
93,0.58703667,0.6820519053690784
94,0.5867262,0.6851479419083265
95,0.5866486,0.6862480579314592
96,0.58823985,0.6856498524908091
97,0.58521247,0.6850672330690684
98,0.5887056,0.6837394967001432
99,0.5847468,0.6831529321472506
0,0.5748108,0.6851941362020462
1,0.576014,0.6828960930193
2,0.57535416,0.6830242301037583
3,0.5777605,0.6832644519147978
4,0.57741123,0.6841917179428025
5,0.578071,0.6844206179504646
6,0.57946825,0.6820207081534158
7,0.57748884,0.6824680049558669
8,0.5801669,0.68285755160802
9,0.5776441,0.6813637124758749
10,0.5776441,0.6800165603143739
11,0.5800893,0.6806179932059997
12,0.5789637,0.6809148746602817
13,0.57915777,0.6807884331006762
14,0.5805938,0.6828320047449608
15,0.58036095,0.6820076231352223
16,0.5785756,0.6819192225415337
17,0.5798176,0.6820236872335834
18,0.5792354,0.680317826266893
19,0.57946825,0.6823215855086356
20,0.58121485,0.681663205027696
21,0.58121485,0.6823664783876242
22,0.58039975,0.6827043408586889
23,0.5807103,0.682660460671059
24,0.5800893,0.6825953123755948
25,0.58222395,0.6832398727406073
26,0.5808267,0.6834090547285889
27,0.5808655,0.6829876780625619
28,0.5815641,0.6835231513531028
29,0.5814477,0.6827004989975289
30,0.5823792,0.6815382277667118
31,0.58164173,0.68193724795774
32,0.5805938,0.6834982203576673
33,0.5808655,0.6835348851977333
34,0.5791966,0.685137233420897
35,0.5808267,0.6822457504068882
36,0.5811372,0.6845687535950542
37,0.58218515,0.6842569604443736
38,0.5810984,0.6839079812200884
39,0.5807103,0.6839309437400319
40,0.5826509,0.6837665826747331
41,0.58039975,0.6834045247663324
42,0.5814865,0.6847381829914713
43,0.5821075,0.6843259617214917
44,0.5827285,0.6850676628772018
45,0.5824956,0.6844457121744865
46,0.5839317,0.6860206605831489
47,0.5829226,0.6829369920724668
48,0.58315545,0.6861943760890764
49,0.58420336,0.685474695931262
50,0.5830002,0.6844029548027991
51,0.5816806,0.6862402642233589
52,0.58350474,0.6868615315581857
53,0.5838541,0.684673053804657
54,0.58319426,0.6857436972776709
55,0.58431983,0.685682922991507
56,0.58513486,0.686900663197723
57,0.5819135,0.6841712545890519
58,0.5837376,0.6843507848432775
59,0.5837376,0.6852446212552021
60,0.5828061,0.6854820714976841
61,0.58350474,0.6868168360743272
62,0.58257324,0.6863099567894332
63,0.5845915,0.6862036787720992
64,0.58505726,0.685967666189485
65,0.58408695,0.684346967779408
66,0.585523,0.6874003627197085
67,0.58513486,0.6862705371136021
68,0.58509606,0.6843159493510755
69,0.5845915,0.68772262854875
70,0.5840093,0.6872462659490102
71,0.58532894,0.6871188829807131
72,0.58412576,0.6881891857229019
73,0.5847468,0.6875182681631491
74,0.5847468,0.687283611540514
75,0.5859111,0.6868312160413103
76,0.58544534,0.6873459309090834
77,0.58536774,0.685176156584138
78,0.5865321,0.6881911907870631
79,0.5857947,0.6877198720056988
80,0.58622164,0.6876555925615778
81,0.5859111,0.6866158486523027
82,0.5856782,0.6871331266562916
83,0.58610517,0.6860595598952783
84,0.58637685,0.6863675059403306
85,0.5857559,0.685760507689109
86,0.58536774,0.6854886749821127
87,0.5857559,0.6908980659575178
88,0.5847856,0.686463069749207
89,0.58758,0.6881083334345922
90,0.5867262,0.687990469875184
91,0.5839705,0.6864689289656005
92,0.5864157,0.6876768012845398
93,0.5865321,0.6862909189918632
94,0.5857171,0.687054277391728
95,0.5867262,0.6873327752166458
96,0.58703667,0.6856915687325624
97,0.5868038,0.6881388921148217
98,0.58703667,0.6879448799422567
99,0.5875024,0.6869878594421447
0,0.57663494,0.6856802732949578
1,0.5759364,0.6840102955412685
2,0.5776053,0.6850455561170943
3,0.5767126,0.683470700209566
4,0.57733357,0.6819960641324254
5,0.5770231,0.6829195851403349
6,0.5783039,0.6831786941769469
7,0.5789249,0.6807863734449989
8,0.5767902,0.6821311814887255
9,0.57911897,0.6823803445331893
10,0.5795459,0.6823046918704675
11,0.58036095,0.6816234366560177
12,0.5801281,0.6815884475705232
13,0.58117604,0.6818151858161543
14,0.58001167,0.6824081480283309
15,0.5805162,0.6827307138145953
16,0.5795847,0.6822258897274646
17,0.5815253,0.6812994042531092
18,0.5795071,0.6802011331493082
19,0.58094317,0.6826206892873393
20,0.58121485,0.6833206617575397
21,0.5810596,0.6825466334669423
22,0.58043855,0.6808267205311631
23,0.5815253,0.6814909564646012
24,0.5798952,0.6826175565861184
25,0.5811372,0.6822278166613069
26,0.5818746,0.6808435153410594
27,0.5829226,0.6825658319807506
28,0.5814865,0.6821635526938044
29,0.5819523,0.6817506223980626
30,0.58234036,0.683358532392745
31,0.582418,0.6828290956126308
32,0.5833495,0.6823552816788155
33,0.58230156,0.6816358489132427
34,0.5805162,0.6821758219461499
35,0.58234036,0.6815596278792281
36,0.58253443,0.6829471965819777
37,0.58226275,0.6837522417497756
38,0.58315545,0.6821321870363177
39,0.5824956,0.6811721369846803
40,0.582418,0.6834774505691854
41,0.58164173,0.6837528037418793
42,0.5810596,0.6834968466909561
43,0.5810208,0.6832471282163362
44,0.58323306,0.6837685689541199
45,0.5818746,0.6821109465805045
46,0.5828061,0.6841830578008578
47,0.58230156,0.6842811027383795
48,0.5836212,0.6837128379241763
49,0.5833883,0.6869417215027486
50,0.58431983,0.6853472066115297
51,0.5827673,0.6864915199541661
52,0.58331066,0.6854129591058487
53,0.58517367,0.6857329249081278
54,0.58222395,0.686213600246878
55,0.58412576,0.686137582759313
56,0.5836988,0.6865926936531955
57,0.5827673,0.6860880624870872
58,0.5836988,0.6873564183631037
59,0.58315545,0.688876506242617
60,0.58606637,0.6872147967045964
61,0.5838541,0.6877786482049034
62,0.58408695,0.6887708193071833
63,0.58354354,0.6894346861753237
64,0.5847468,0.6892691076461167
65,0.5838929,0.6893276420445574
66,0.5856394,0.6885941896465434
67,0.58443624,0.6897632429119963
68,0.58629924,0.6889640621807699
69,0.58529013,0.6890453381605942
70,0.585523,0.6883370317187606
71,0.5858335,0.6890561493975016
72,0.5849408,0.689217066422449
73,0.58629924,0.690030049389366
74,0.5848244,0.6889506272799572
75,0.58319426,0.6901311514772259
76,0.58517367,0.6903866994179686
77,0.58637685,0.6892591326740583
78,0.5865321,0.6897270086978492
79,0.58594996,0.6901673846052337
80,0.5866097,0.6899594052472254
81,0.5877741,0.6886738656771523
82,0.5866874,0.6903520207531865
83,0.5855618,0.6892683023692057
84,0.5857947,0.689268156102438
85,0.58439744,0.6916100694014451
86,0.5865321,0.690038491831505
87,0.58544534,0.6915386071696504
88,0.5880458,0.6896120893106215
89,0.5890161,0.6911730962981304
90,0.5876965,0.6897376292982126
91,0.5868038,0.6893511352366946
92,0.5879682,0.6898884662905411
93,0.5875412,0.6916179879993785
94,0.58699787,0.6884584831261482
95,0.58626044,0.6892751845692561
96,0.5864933,0.688458701732805
97,0.5848244,0.689835255654511
98,0.5876965,0.690884380185116
99,0.58719194,0.688957873710308
0,0.5742286,0.6850876177303448
1,0.57655734,0.6829092508701359
2,0.57756644,0.6828170128893949
3,0.57818747,0.6832523763330149
4,0.57756644,0.682582590928384
5,0.5776441,0.6820486191243031
6,0.57834274,0.6814346312019123
7,0.5795847,0.6811810197678442
8,0.57849795,0.6812128058919716
9,0.5776441,0.6805581831015963
10,0.5789249,0.6810261894586409
11,0.57834274,0.6815782330046805
12,0.5797399,0.6799428661263338
13,0.5783039,0.6807703869425623
14,0.5805162,0.6798783398451862
15,0.57942945,0.6801575556255742
16,0.58160293,0.6801582903068968
17,0.58001167,0.6804374006727749
18,0.57946825,0.680248114067028
19,0.57911897,0.6807539984528912
20,0.58234036,0.6797124662770361
21,0.58117604,0.6811299952585305
22,0.5808655,0.6806072673495941
23,0.5799728,0.6805505330067988
24,0.58129245,0.6794947165552676
25,0.57911897,0.6802934261680506
26,0.5806714,0.679453643553238
27,0.5828061,0.6799861143150308
28,0.5800893,0.680235487515316
29,0.5808267,0.6801544431110458
30,0.58140886,0.681844646970485
31,0.582845,0.6812536519891934
32,0.58257324,0.6805551432068778
33,0.58117604,0.6802357447695644
34,0.58218515,0.6789254424827853
35,0.583039,0.6804412943817634
36,0.58319426,0.6804855436277509
37,0.581797,0.6794179691033944
38,0.5835824,0.6792040996659781
39,0.5829226,0.6792660131955086
40,0.58315545,0.6800363625574176
41,0.5823792,0.6796869209292512
42,0.5838153,0.67885380219238
43,0.58257324,0.6794833407040224
44,0.5833495,0.6799186270652917
45,0.5823792,0.6792809332918478
46,0.58331066,0.6785219742075207
47,0.5839317,0.6784864038350442
48,0.58331066,0.6803442655987538
49,0.5828838,0.6795673981306045
50,0.58342713,0.6801493454321875
51,0.5846303,0.6797413555413988
52,0.58257324,0.6792939344355603
53,0.58327186,0.6803499313759244
54,0.5820687,0.6801457055790688
55,0.5859111,0.6794650075136285
56,0.58319426,0.6799402886933316
57,0.582845,0.6787404694743187
58,0.5839705,0.680141326973051
59,0.58366,0.6787774361917261
60,0.5839705,0.6787441483012177
61,0.584902,0.6784263793898859
62,0.5847856,0.6800835430888141
63,0.5830002,0.67914233430714
64,0.5859111,0.6800502568847713
65,0.5840093,0.678940425630729
66,0.58536774,0.6786216714718539
67,0.58501846,0.6798693192160155
68,0.5847468,0.6799999650927069
69,0.584281,0.6790676184193778
70,0.58404815,0.678461540751658
71,0.5856394,0.6796951130203153
72,0.5846303,0.6782681597683375
73,0.585523,0.679261810083702
74,0.5838929,0.6796977817630527
75,0.5848244,0.6783649456447799
76,0.5854842,0.6791789115759185
77,0.58610517,0.6805507686469894
78,0.58598876,0.6799506198890275
79,0.5847856,0.6789053035781797
80,0.5857559,0.6781429985206658
81,0.5876577,0.6781217371286199
82,0.58726954,0.6783917065271007
83,0.5838929,0.6780182624265751
84,0.5868426,0.6787202545307041
85,0.5866097,0.6789247834564481
86,0.58734715,0.6784706419772276
87,0.58789057,0.679139281050247
88,0.5857171,0.6779264919368729
89,0.58692026,0.678166346507884
90,0.58626044,0.6792554264065828
91,0.5884339,0.6787035336384328
92,0.58789057,0.6799246629140874
93,0.5877353,0.6777788502416309
94,0.5868814,0.6789798402795508
95,0.5875024,0.677577692384792
96,0.5876965,0.679064898314625
97,0.58820105,0.6782033167057955
98,0.588007,0.6779295719366224
99,0.58758,0.6801437307926328
0,0.574772,0.6848301670099263
1,0.5767514,0.6837098701889021
2,0.5777993,0.6843837693388569
3,0.577877,0.6841218483302285
4,0.57741123,0.6842099350215439
5,0.5792354,0.6833116695785115
6,0.57834274,0.6833039779975857
7,0.57814866,0.6820494479862852
8,0.58005047,0.6826146332240906
9,0.5788861,0.6814718370296042
10,0.578071,0.6818327863193729
11,0.57845914,0.6818504801519214
12,0.57942945,0.6817439352681792
13,0.5799728,0.6819129849252898
14,0.5802057,0.6817614031282184
15,0.58036095,0.6821238826067499
16,0.5800893,0.682079694198447
17,0.5778381,0.6821084394099618
18,0.5807879,0.6809486240755811
19,0.58036095,0.6822643215069141
20,0.5798952,0.681877558499245
21,0.58032215,0.6810720577555538
22,0.5801669,0.6817413682246379
23,0.5809043,0.6824103590541272
24,0.58032215,0.6823685004899461
25,0.5808655,0.6817839988430519
26,0.579934,0.6812815755241338
27,0.5804774,0.681993347342769
28,0.5815641,0.6818191643573696
29,0.5786532,0.6822158435074399
30,0.5815253,0.6807338228254394
31,0.58094317,0.6820953112122343
32,0.5808655,0.6818069545338507
33,0.5807879,0.6812746482198039
34,0.58230156,0.6822222166053998
35,0.5828061,0.6809301541750579
36,0.5815253,0.6798496815988492
37,0.5801669,0.6819638477837533
38,0.5815641,0.6820657885285134
39,0.5833495,0.6811943525738701
40,0.58160293,0.6801194137724631
41,0.58350474,0.6813512896695647
42,0.5828061,0.6788962077613296
43,0.5845915,0.6798471635414655
44,0.58230156,0.6800622775025814
45,0.5839705,0.6797568123224474
46,0.5849408,0.6811493709761496
47,0.58366,0.6811043443736257
48,0.5828061,0.6809067070935274
49,0.58222395,0.6813505696991266
50,0.5845139,0.6812249953043986
51,0.58412576,0.6814536740889532
52,0.5848244,0.6812531399629705
53,0.5836212,0.6798244520874364
54,0.5847079,0.6794998006961334
55,0.5838541,0.6795234298326658
56,0.5865709,0.6798814163517077
57,0.58420336,0.6798561211074645
58,0.5849408,0.6779748486600384
59,0.58622164,0.6802299045299572
60,0.5847468,0.6799890595155157
61,0.58509606,0.679119233446123
62,0.58350474,0.6806101984013498
63,0.58416456,0.6816052107262237
64,0.58501846,0.6808485288516355
65,0.5823792,0.6798209197609582
66,0.5838153,0.6804617322488316
67,0.58622164,0.680565043868034
68,0.58509606,0.6812479764101645
69,0.5847856,0.6792394210939242
70,0.58525133,0.6793749719621046
71,0.5845915,0.6808231443982204
72,0.58626044,0.6795853281840061
73,0.58626044,0.6812899809796996
74,0.5856006,0.6795779080199381
75,0.5864545,0.6808154862666856
76,0.5838541,0.6817447751187917
77,0.5885115,0.6795448361890376
78,0.5864545,0.6813692262883837
79,0.5846691,0.6789985177934736
80,0.5849796,0.6808947380898925
81,0.58734715,0.6791179533678422
82,0.5837376,0.681356512193145
83,0.5865321,0.6819121873913148
84,0.58532894,0.6803154827089604
85,0.58536774,0.6798846470900191
86,0.5871143,0.6813295767512249
87,0.5875412,0.6797382851144815
88,0.5876965,0.679856742110827
89,0.5857171,0.6794043399143422
90,0.5864545,0.6784451867246452
91,0.58637685,0.6789895303175794
92,0.58812344,0.6802118430548494
93,0.58726954,0.6799959306205196
94,0.5868038,0.6795882092710377
95,0.5858335,0.6807687531622456
96,0.5892878,0.6807803946537992
97,0.5887056,0.6798219488843676
98,0.58789057,0.6818962865169133
99,0.5859111,0.6809422684368198
0,0.57465553,0.68324326566185
1,0.576014,0.6834246794922524
2,0.5754706,0.6834447595648874
3,0.5779546,0.6839000081150781
4,0.5766738,0.6832550863652421
5,0.577877,0.6829833445446296
6,0.5796235,0.6838045504424911
7,0.58036095,0.6832868573481935
8,0.5786532,0.6838844852449361
9,0.5785756,0.6837237483062907
10,0.57931304,0.6834786999301958
11,0.5807103,0.6839112266484636
12,0.5795847,0.6831331649081998
13,0.5808267,0.6833832323215736
14,0.5796235,0.6832784865611784
15,0.5797011,0.6824303012830689
16,0.57931304,0.6826161713663083
17,0.58036095,0.6821418665090673
18,0.58098197,0.6814863874221482
19,0.57935184,0.6812258826837293
20,0.578692,0.6817830811975628
21,0.5791966,0.6803105118319569
22,0.5810596,0.6816156622346988
23,0.58125365,0.6797239332876459
24,0.5810208,0.6797174894229061
25,0.5824568,0.6802528147995414
26,0.58032215,0.6804090082703251
27,0.5807879,0.6804958443606499
28,0.5810596,0.680516981895794
29,0.5807491,0.67916567015597
30,0.5806326,0.6792382701794754
31,0.5810984,0.6798808586683038
32,0.58098197,0.6788774241041772
33,0.5805162,0.6788255707675823
34,0.58327186,0.6794140125602606
35,0.58214635,0.6795678930793391
36,0.58121485,0.6788185817302835
37,0.58140886,0.67884940797094
38,0.5814477,0.6788782653451405
39,0.5828838,0.6786807536778116
40,0.5827673,0.6788380798519918
41,0.5830002,0.6780609210578997
42,0.5840093,0.6786961725885697
43,0.5838929,0.6800037664601856
44,0.5837764,0.677154231987577
45,0.58218515,0.6793985437680605
46,0.58160293,0.6775178831895532
47,0.58323306,0.6785831167839949
48,0.58253443,0.6791369527676673
49,0.582845,0.678507859348765
50,0.58404815,0.6782856430841746
51,0.5847856,0.6785481201244423
52,0.5840093,0.679116643689661
53,0.5845527,0.6786203432448646
54,0.5847856,0.6775264013375724
55,0.5839317,0.6777792844683505
56,0.58598876,0.6773512724832542
57,0.58257324,0.6793257585942294
58,0.58521247,0.6775026172844849
59,0.5856006,0.678929098319156
60,0.5849796,0.6779937870382639
61,0.58606637,0.6781632247073845
62,0.58610517,0.6777769912846131
63,0.5864933,0.6785166512640523
64,0.5856006,0.6781008221976808
65,0.5855618,0.6789091114694347
66,0.58501846,0.6783529166709837
67,0.5866097,0.678657599120563
68,0.58723074,0.6788282053275824
69,0.5864933,0.6770910166662317
70,0.58789057,0.6775545424427681
71,0.5870755,0.6784446109319784
72,0.58610517,0.6788488794062499
73,0.588007,0.6782236563240975
74,0.5876577,0.6786988996658977
75,0.58730835,0.6780628472769027
76,0.58820105,0.6781874655057869
77,0.5875024,0.6776063210936905
78,0.58905494,0.6788394733884602
79,0.5875024,0.6783001564508175
80,0.5871143,0.6786243372465045
81,0.5864933,0.6795168081996465
82,0.58622164,0.6796036696216562
83,0.5875412,0.679095319868314
84,0.5868814,0.6790503140030707
85,0.5865709,0.6806341640837743
86,0.58812344,0.679568077477811
87,0.58703667,0.6807626605751027
88,0.5897147,0.678325659750319
89,0.58905494,0.6795448285386374
90,0.5856782,0.6787951791214754
91,0.5883951,0.6787127711877947
92,0.5874248,0.6775216514060688
93,0.5880458,0.6800696954481028
94,0.5893654,0.6804435547731141
95,0.58789057,0.6803478370516965
96,0.58808464,0.6785782138352345
97,0.58921015,0.68206196158413
98,0.58909374,0.6794136994259348
99,0.5906462,0.6789877448710289
0,0.5740346,0.6831153105629918
1,0.57640207,0.682638880375078
2,0.5771007,0.6819070100090283
3,0.57822627,0.682302368018041
4,0.57834274,0.6822283366618054
5,0.57822627,0.6813977204756253
6,0.57818747,0.681041243849924
7,0.5792354,0.6807631155055587
8,0.5770231,0.6806578269149177
9,0.57818747,0.6813342612344455
10,0.5802057,0.6802679802847214
11,0.5791966,0.6807459037719873
12,0.5791966,0.6799882266212847
13,0.57942945,0.6808351983867662
14,0.5806714,0.6809793176522376
15,0.5802057,0.6798676867589611
16,0.5788473,0.6806039244462836
17,0.5801669,0.6801392559794206
18,0.57931304,0.6799187985943425
19,0.58032215,0.679642501417327
20,0.5810596,0.6800170472518186
21,0.58039975,0.6792031193945492
22,0.57931304,0.6796102549598075
23,0.5817582,0.6789940943237696
24,0.58253443,0.6798119412471594
25,0.58094317,0.6793669460399531
26,0.58039975,0.6792302692975207
27,0.5805162,0.6789857492131353
28,0.58121485,0.6794775719853621
29,0.58024454,0.6788933715588048
30,0.5826897,0.6785957356020245
31,0.5823792,0.6795695303690774
32,0.58234036,0.6795083701460194
33,0.5833883,0.6808137298324329
34,0.5797788,0.679961139776858
35,0.5802057,0.6795200674135478
36,0.58121485,0.6793184495842066
37,0.580555,0.6794217516583376
38,0.58028334,0.680330617085906
39,0.5810596,0.6800942471507173
40,0.58257324,0.680437087975681
41,0.5817582,0.6793995523531414
42,0.5821075,0.6802523661580522
43,0.5815641,0.6814706856455359
44,0.58218515,0.6812370501859152
45,0.58121485,0.6800908549420005
46,0.58164173,0.6802585526528738
47,0.58307785,0.680991496460058
48,0.5815253,0.6797758834953797
49,0.58234036,0.6806952981793393
50,0.5818746,0.680339619110747
51,0.58125365,0.6783169703693638
52,0.58342713,0.68050750963854
53,0.584281,0.6794515782528749
54,0.58408695,0.6795635780778274
55,0.5827285,0.6786442625437018
56,0.5837376,0.6793491577421974
57,0.5845139,0.6795513347170086
58,0.582845,0.6809022444048229
59,0.5820299,0.6795468260657549
60,0.5856394,0.6802754604952927
61,0.5847468,0.681358300605469
62,0.58319426,0.6802715643757458
63,0.5845139,0.6812961380411855
64,0.5837764,0.6804685665060658
65,0.5857171,0.6824135924528437
66,0.5849408,0.68235484550653
